point,frame,player,team,action,outcome,note
1,211,P1B,B,serve,,
1,247,P1A,A,dig,,
1,304,P2A,A,set,,
1,345,P1A,A,spike,error,
2,885,P1B,B,serve,error,
3,1396,P1A,A,serve,,
3,1428,P1B,B,dig,,
3,1488,P2B,B,set,,
3,1542,P1B,B,overpass,kill,
4,2154,P2B,B,serve,error,
5,2572,P2A,A,serve,error,
6,3037,P1B,B,serve,,
6,3070,P2A,A,dig,,
6,3131,P1A,A,overpass,,
6,3172,P1B,B,dig,,
6,3229,P2B,B,set,error,gap_evidence
7,3747,P1A,A,serve,,
7,3786,P2B,B,dig,,by_alternation
7,3856,P1B,B,set,,
7,3913,P2B,B,overpass,,
7,3950,P1A,A,dig,,
7,4000,P2A,A,set,,
7,4037,P1A,A,spike,kill,
8,4771,P1A,A,serve,,by_service_order
8,4801,P2B,B,dig,,
8,4840,P1B,B,set,,
8,4886,P2B,B,spike,kill,
8,4906,P2A,A,dig,,
9,5496,P2B,B,serve,ace,by_service_order
9,5520,P1A,A,dig,,
10,6034,P2B,B,serve,,by_service_order
10,6067,P2A,A,dig,,
10,6103,P1A,A,set,,by_alternation
10,6141,P2A,A,spike,,by_alternation
10,6164,P2B,B,dig,,
10,6196,P1B,B,set,,
10,6238,P2B,B,spike,,
10,6265,P1A,A,dig,,
10,6305,P2A,A,spike,,
10,6327,P1B,B,dig,,
10,6369,P2B,B,set,,
10,6415,P1B,B,spike,kill,
11,7132,P2B,B,serve,,by_service_order
11,7160,P2A,A,dig,,
11,7205,P1A,A,set,,
11,7242,P2A,A,spike,,
11,7262,P2B,B,dig,,
11,7297,P1B,B,overpass,kill,
12,7780,P2B,B,serve,error,by_service_order
13,8507,P2A,A,serve,,
13,8534,P2B,B,dig,,
13,8583,P1B,B,set,,
13,8628,P2B,B,spike,error,
14,9103,P2A,A,serve,,
14,9137,P2B,B,dig,,
14,9181,P1B,B,set,,
14,9217,P2B,B,spike,kill,
15,10029,P1B,B,serve,,
15,10070,P2A,A,dig,,
15,10110,P1A,A,set,,
15,10157,P2A,A,spike,kill,
16,10541,P1A,A,serve,,
16,10571,P1B,B,dig,,
16,10620,P2B,B,set,,
16,10658,P1B,B,overpass,,
16,10700,P1A,A,dig,,
16,10746,P2A,A,set,,
16,10789,P1A,A,overpass,kill,
16,10822,P1B,B,dig,,
17,11410,P1A,A,serve,ace,
17,11443,,B,dig,,not_credited
18,11996,P1A,A,serve,,by_service_order
18,12026,P1B,B,dig,,
18,12073,P2B,B,set,,
18,12120,P1B,B,overpass,,
18,12155,P1A,A,overpass,,
18,12193,P1B,B,dig,,
18,12234,P2B,B,set,,
18,12276,P1B,B,spike,,
18,12312,P1A,A,dig,,
18,12340,P2A,A,spike,,
18,12356,P1B,B,dig,,
18,12391,P2B,B,set,,
18,12432,P1B,B,overpass,,
18,12464,P1A,A,dig,,
18,12508,P2A,A,set,,
18,12542,,A,spike,,unseen
19,13074,P1A,A,serve,,
19,13110,P1B,B,dig,,
19,13155,P2B,B,set,,
19,13199,P1B,B,overpass,,
19,13234,P2A,A,overpass,,
19,13266,P2B,B,overpass,,
19,13311,P1A,A,dig,,
19,13353,P2A,A,set,,
19,13393,P1A,A,spike,,
19,13416,P2B,B,dig,,
19,13459,P1B,B,set,,
19,13499,P2B,B,spike,,by_alternation
19,13541,,A,dig,,unseen
19,13582,,A,set,,unseen
19,13624,P1A,A,overpass,,
19,13662,P1B,B,dig,,
19,13719,P2B,B,set,,by_alternation
19,13758,P1B,B,spike,error,
20,14516,P1A,A,serve,error,
21,15143,P2B,B,serve,,
21,15168,P2A,A,dig,,
21,15207,P1A,A,set,,
21,15247,P2A,A,spike,kill,
22,15926,P2A,A,serve,,by_service_order
22,15955,P2B,B,dig,,
22,15998,P1B,B,set,,
22,16036,P2B,B,spike,,
22,16066,P1A,A,dig,,
22,16102,P2A,A,set,,
22,16137,P1A,A,spike,,
23,16648,P2A,A,serve,,
23,16685,P2B,B,dig,,
23,16732,P1B,B,set,,
23,16775,P2B,B,spike,,
23,16794,P2A,A,dig,,
23,16829,P1A,A,set,,
23,16877,P2A,A,overpass,error,
24,18138,P1B,B,serve,,
24,18164,P2A,A,dig,,
24,18208,P1A,A,set,,
24,18248,P2A,A,spike,,
24,18271,P1B,B,dig,,
24,18312,P2B,B,set,,
24,18357,P1B,B,spike,error,
25,18834,P1A,A,serve,,
25,18879,,B,dig,,unseen
25,18924,P2B,B,set,,
25,18960,P1B,B,spike,,
25,18983,P2A,A,dig,,
25,19034,P1A,A,set,,
25,19073,P2A,A,spike,,
25,19083,P2B,B,overpass,,
25,19131,P1A,A,dig,,
25,19155,P2A,A,spike,,
25,19181,P1B,B,dig,,
25,19225,P2B,B,set,,
25,19259,P1B,B,spike,,
25,19289,P2A,A,dig,,
25,19318,P1A,A,set,,
25,19359,P2A,A,spike,,by_alternation
25,19376,P1B,B,dig,,
25,19412,P2B,B,spike,error,
26,19830,P1A,A,serve,,by_service_order
26,19860,P1B,B,dig,,
26,19914,,B,set,,unseen
26,19967,P1B,B,overpass,,
26,19998,P2A,A,dig,,
26,20033,P1A,A,set,,
26,20076,P2A,A,spike,,by_alternation
26,20093,P1B,B,overpass,,
26,20134,P2A,A,dig,,
26,20167,P1A,A,set,,
26,20210,P2A,A,spike,kill,by_alternation
27,20918,P1A,A,serve,,
27,20951,P1B,B,dig,,
27,20983,P2B,B,set,,
27,21016,P1B,B,overpass,error,
28,21354,P1A,A,serve,,
28,21383,P1B,B,dig,,
28,21428,P2B,B,set,,
28,21468,P1B,B,spike,error,
29,22149,P1A,A,serve,,
29,22178,P1B,B,overpass,,
29,22217,P2A,A,overpass,,
29,22271,P2B,B,dig,,
29,22315,P1B,B,set,,
29,22358,P2B,B,spike,error,
30,22873,P1A,A,serve,,
30,22909,P2B,B,dig,,by_alternation
30,22958,P1B,B,set,,
30,23009,P2B,B,overpass,,
30,23039,P1A,A,dig,,
30,23083,P2A,A,set,,
30,23119,P1A,A,spike,,
30,23139,P1B,B,dig,,
30,23186,P2B,B,set,,
30,23227,P1B,B,overpass,,
30,23258,P1A,A,dig,,
30,23304,P2A,A,set,,
30,23340,P1A,A,spike,,
30,23361,P2B,B,dig,,
30,23399,P1B,B,set,,by_alternation
30,23440,P2B,B,spike,,
30,23462,P1A,A,dig,,
30,23497,P2A,A,set,,
30,23536,P1A,A,overpass,error,
31,24626,P2B,B,serve,,
31,24668,P1A,A,dig,,
31,24709,P2A,A,set,,
31,24750,P1A,A,spike,,
31,24768,P2B,B,dig,,
31,24802,P1B,B,set,,
31,24845,P2B,B,spike,,
31,24862,P2A,A,dig,,
31,24897,P1A,A,set,,gap_evidence
31,24944,P2A,A,spike,error,
32,25368,P2B,B,serve,error,by_service_order
33,25798,P2A,A,serve,,
33,25837,P2B,B,dig,,
33,25883,P1B,B,set,,
33,25925,P2B,B,spike,error,
